{"with_grades": {"actual": [15, 4, 12, 11, 5, 13, 12, 9, 11, 6, 8, 13, 15, 17, 15, 12, 14, 13, 9, 15, 13, 8, 5, 13, 17, 6, 12, 11, 11, 14, 6, 7, 12, 11, 5, 16, 9, 14, 17, 15, 16, 16, 13, 10, 5, 12, 11, 16, 11, 13, 8, 14, 11, 11, 14, 10, 14, 13, 7, 17, 15, 12, 2, 15, 9, 13, 8, 2, 13, 14, 5, 12], "predicted": [15.656407407407402, 2.7840833333333337, 11.663964285714279, 10.32063888888889, 4.520388888888889, 12.95037906099748, 11.690412698412702, 10.872702380952376, 11.435988095238095, 7.240716931216933, 9.194317460317459, 14.40312517404623, 16.289570707070705, 17.429869047619043, 17.347660654160652, 10.23818253968254, 14.005072751322746, 13.015321454860926, 7.473502645502645, 13.796134078884082, 12.062190476190477, 10.136562169312167, 4.097492063492064, 12.126920634920639, 17.07259175084174, 8.845212962962963, 12.469182539682539, 10.654988095238098, 10.4683253968254, 13.400119883040933, 4.255369047619051, 6.324019841269839, 12.313702380952382, 10.306739417989418, 4.109861111111112, 17.01783658008657, 8.992174603174604, 13.166909565580614, 16.214013227513224, 16.589636724386715, 13.923184343434341, 13.14515668590668, 12.513793650793648, 7.725042328042326, 5.643804232804234, 13.974428306878307, 10.247034391534394, 16.991656685906687, 11.562845238095242, 12.514129415418887, 10.388593915343918, 13.213035714285716, 10.44510317460317, 9.361325396825396, 15.167987373737368, 13.236293012543006, 13.441650306321359, 12.27292195767196, 7.963956349206346, 16.094665343915338, 14.303952380952383, 12.906170634920635, 2.553345238095238, 15.172821428571437, 9.928674603174603, 10.66435582010582, 7.435257936507934, 3.589845238095239, 13.219824384192801, 16.223727633477633, 8.092765873015871, 13.57817592592593]}, "without_grades": {"actual": [15, 17, 7, 12, 15, 10, 7, 0, 15, 18, 10, 16, 6, 13, 1, 13, 13, 11, 17, 9, 15, 7, 14, 14, 7, 13, 7, 16, 15, 0, 12, 13, 0, 13, 12, 14, 6, 13, 11, 14, 0, 11, 11, 12, 9, 8, 17, 12, 12, 17, 7, 9, 11, 10, 9, 8, 12, 7, 7, 3, 13, 11, 5, 13, 13, 14, 6, 9, 10, 14, 0, 14, 12, 13, 14, 0, 18, 0, 13], "predicted": [15.684957629028622, 11.905505084090471, 7.945882461873636, 14.105483215657129, 8.968979541794761, 9.361595162147793, 9.293042328042329, 7.1383354978355, 11.685677974548472, 15.79058704258704, 13.970272663323536, 14.039180375180383, 7.452244227994226, 11.860937009669767, 5.730436507936507, 8.418184981109736, 13.840020442520439, 13.696860766711946, 13.769998677248678, 10.515628306878307, 10.933495080615977, 6.3351111111111145, 10.900606598194829, 13.52351988852919, 8.351719576719582, 9.301305821913239, 6.750124338624337, 9.771507936507932, 10.588872194854948, 6.463833333333333, 11.14994591080001, 12.074798340548346, 8.144961640211639, 12.616694444444448, 8.360567460317462, 13.224647637053089, 8.04434692159692, 13.482258648758643, 11.215456349206349, 9.472969576719578, 11.581570112893642, 15.348314814814819, 11.96526901389518, 10.870929160980634, 11.349183537962, 7.503604904354905, 15.00006107514678, 8.935804669731137, 11.709458450046686, 11.1598992444777, 5.665244227994227, 10.795350416153047, 12.770187830687833, 9.698569637171108, 4.868017195767195, 9.819455783323432, 9.877445072451462, 7.551408730158728, 6.235674603174602, 4.842742063492063, 10.475828465651995, 8.664151323089621, 7.221393939393941, 15.028105940355942, 11.10130772005772, 14.399024087997775, 7.0506243386243375, 9.818848059348062, 7.802174603174606, 8.669695140629354, 12.707055209605207, 12.160761001825781, 9.617305555555557, 11.36278168590669, 12.113583100615859, 9.3091742141301, 11.50934226319502, 9.1948889160948, 13.638152116402113]}}